{"pos_mean": [1128.2076416015625, 895.0214233398438], "pos_std": [800.572998046875, 292.5050354003906], "vel_mean": [0.06298739463090897, -0.11466795206069946], "vel_std": [1.5738023519515991, 1.6778450012207031], "heading_mean": 0.22581571340560913, "heading_std": 1.762151764465332}