{"pos_mean": [1226.3955078125, 1123.6217041015625], "pos_std": [707.4215698242188, 306.1195373535156], "vel_mean": [0.02457793988287449, -0.07922624051570892], "vel_std": [2.224069356918335, 1.8462979793548584], "heading_mean": 0.27335119247436523, "heading_std": 1.7538717256317138, "dist_mean": 9.086584091186523, "dist_std": 10.381509827209472}